{
  "metadata": {
    "name": "Bing TTS 369",
    "author": "369",
    "version": 13,
    "source": "https://www.bing.com/translator",
    "description": "Nghe truyện bằng Bing TTS",
    "type": "tts",
    "encrypt": true
  },
  "script": {
    "voice": "voice.js",
    "tts": "tts.js"
  },
  "config": {
    "preload_size": 2,
    "max_length": 1000,
    "required_api_key": false,
    "k_rate": {
      "title": "Speed\nGiới hạn điều chỉnh: -100% đến +100%. Mặc định: -10%.",
      "mode": "input",
      "format": "number",
      "default": -10
    },
    "k_pitch": {
      "title": "Độ cao giọng\nGiới hạn điều chỉnh: -50% đến +50%. Mặc định: -10%.",
      "mode": "input",
      "format": "number",
      "default": -10
    },
    "k_volume": {
      "title": "Volume\nGiới hạn điều chỉnh: 0% đến +200%. Mặc định: 0%.",
      "mode": "input",
      "format": "number",
      "default": 0
    }
  }
}