{
  "metadata": {
    "name": "Tiktok TTS 369",
    "author": "369",
    "version": 4,
    "source": "https://www.tiktok.com",
    "description": "Nghe truyện bằng Tiktok TTS",
    "type": "tts"
  },
  "script": {
    "voice": "voice.js",
    "tts": "tts.js"
  },
  "config": {
    "preload_size": 2,
    "max_length": 300,
    "support_url": "https://www.tiktok.com/login",
    "edit_text": {
      "title": "Thay thế text đầu vào",
      "mode": "input",
      "format": "text"
    }
  }
}