{
  "metadata": {
    "name": "Tiktok TTS 369",
    "author": "369",
    "version": 7,
    "source": "https://www.tiktok.com",
    "description": "Nghe truyện bằng Tiktok TTS",
    "type": "tts",
    "encrypt": true
  },
  "script": {
    "voice": "voice.js",
    "tts": "tts.js"
  },
  "config": {
    "preload_size": 2,
    "max_length": 300,
    "support_url": "https://www.tiktok.com/login",
    "edit_text": {
      "title": "Phân biệt HOA/thường. Cú pháp: original=>replacement (mỗi dòng một mục)",
      "mode": "input",
      "format": "text"
    },
    "edit_text_2": {
      "title": "KHÔNG phân biệt HOA/thường. Cú pháp: original=>replacement (mỗi dòng một mục)",
      "mode": "input",
      "format": "text"
    },
    "edit_regex": {
      "title": "Thay thế text bằng Regex. Cú pháp: regex=>replacement (mỗi dòng một mục)",
      "mode": "input",
      "format": "text"
    }
  }
}