{
  "metadata": {
    "name": "Local BOOK",
    "author": "369",
    "version": 21,
    "source": "http://localhost/vBook/Book",
    "regexp": "https?:\/\/[^/]+\/vBook\/Book\/[^/]+",
    "description": "Đọc truyện Local với địa chỉ IP có thể thay đổi",
    "language": "javascript",
    "type": "novel"
  },
  "script": {
    "home": "home.js",
    "detail": "detail.js",
    "search": "search.js",
    "page" : "page.js",
    "toc": "toc.js",
    "chap": "chap.js"
  }
}