{
  "metadata": {
    "name": "Fanqie fix toc",
    "author": "Noir fix toc",
    "version": 10,
    "source": "https://fanqienovel.com",
    "regexp": "(fanqie|fqapi).*?/(page|info).*?",
    "description": "Fanqie",
    "locale": "zh_CN",
    "language": "javascript",
    "type": "chinese_novel",
    "encrypt": true
  },
  "script": {
    "home": "home.js",
    "detail": "detail.js",
    "genre": "genre.js",
    "toc": "toc.js",
    "search": "search.js",
    "chap": "chap.js"
  },
  "config": {
    "thread_num": 3,
    "delay": 1000,
    "fq_token": {
      "title": "Fanqie Token",
      "mode": "input",
      "format": "text"
    }
  }
}